61515,total
1978,./src/main/java/org/apache/maven/project/MavenProject.java
1892,./src/test/java/org/apache/maven/project/PomConstructionTest.java
1286,./src/main/java/org/apache/maven/execution/DefaultMavenExecutionRequest.java
1084,./src/main/java/org/apache/maven/project/DefaultProjectBuilder.java
912,./src/main/java/org/apache/maven/plugin/internal/DefaultMavenPluginManager.java
877,./src/main/java/org/apache/maven/bridge/MavenRepositorySystem.java
809,./target/generated-sources/modello/org/apache/maven/toolchain/model/io/xpp3/MavenToolchainsXpp3Reader.java
787,./src/main/java/org/apache/maven/project/artifact/MavenMetadataSource.java
590,./src/main/java/org/apache/maven/lifecycle/internal/DefaultLifecycleExecutionPlanCalculator.java
558,./src/test/java/org/apache/maven/lifecycle/LifecycleExecutorTest.java
541,./src/main/java/org/apache/maven/exception/DefaultMaven.java
486,./src/main/java/org/apache/maven/graph/DefaultGraphBuilder.java
485,./src/main/java/org/apache/maven/plugin/PluginParameterExpressionEvaluator.java
477,./src/main/java/org/apache/maven/lifecycle/internal/builder/multithreaded/ThreadOutputMuxer.java
447,./src/test/java/org/apache/maven/plugin/PluginParameterExpressionEvaluatorTest.java
445,./src/main/java/org/apache/maven/execution/MavenExecutionRequest.java
442,./src/main/java/org/apache/maven/execution/MavenSession.java
436,./src/main/java/org/apache/maven/RepositoryUtils.java
432,./src/main/java/org/apache/maven/artifact/repository/LegacyLocalRepositoryManager.java
417,./src/main/java/org/apache/maven/artifact/repository/MavenArtifactRepository.java
409,./src/main/java/org/apache/maven/plugin/version/internal/DefaultPluginVersionResolver.java
407,./src/main/java/org/apache/maven/classrealm/DefaultClassRealmManager.java
403,./src/main/java/org/apache/maven/project/artifact/ActiveProjectArtifact.java
388,./src/main/java/org/apache/maven/lifecycle/internal/MojoExecutor.java
382,./src/main/java/org/apache/maven/lifecycle/internal/LifecycleDependencyResolver.java
380,./src/test/java/org/apache/maven/project/DefaultMavenProjectBuilderTest.java
374,./src/main/java/org/apache/maven/artifact/resolver/ArtifactResolutionResult.java
372,./src/test/java/org/apache/maven/project/ProjectSorterTest.java
356,./src/main/java/org/apache/maven/project/artifact/DefaultMavenMetadataCache.java
349,./src/main/java/org/apache/maven/project/DefaultProjectBuildingRequest.java
345,./src/main/java/org/apache/maven/exception/DefaultExceptionHandler.java
339,./src/main/java/org/apache/maven/repository/ArtifactTransferEvent.java
339,./src/main/java/org/apache/maven/project/DefaultProjectDependenciesResolver.java
337,./src/test/java/org/apache/maven/repository/TestRepositorySystem.java
333,./src/test/java/org/apache/maven/project/ProjectBuilderTest.java
330,./src/test/java/org/apache/maven/AbstractCoreMavenComponentTestCase.java
329,./src/main/java/org/apache/maven/artifact/resolver/ArtifactResolutionRequest.java
323,./src/main/java/org/apache/maven/execution/DefaultMavenExecutionRequestPopulator.java
321,./src/main/java/org/apache/maven/settings/SettingsUtils.java
321,./src/main/java/org/apache/maven/plugin/internal/DefaultPluginDependenciesResolver.java
320,./src/test/java/org/apache/maven/plugin/PluginManagerTest.java
312,./src/main/java/org/apache/maven/lifecycle/internal/MojoDescriptorCreator.java
298,./src/main/java/org/apache/maven/project/ProjectModelResolver.java
298,./src/main/java/org/apache/maven/project/DefaultProjectBuildingHelper.java
297,./src/main/java/org/apache/maven/plugin/prefix/internal/DefaultPluginPrefixResolver.java
288,./src/main/java/org/apache/maven/project/ProjectSorter.java
283,./src/test/java/org/apache/maven/toolchain/building/DefaultToolchainsBuilderTest.java
280,./src/main/java/org/apache/maven/lifecycle/internal/DefaultLifecyclePluginAnalyzer.java
270,./src/main/java/org/apache/maven/internal/aether/DefaultRepositorySystemSessionFactory.java
262,./target/generated-sources/modello/org/apache/maven/toolchain/model/ToolchainModel.java
260,./src/main/java/org/apache/maven/plugin/internal/DefaultPluginManager.java
255,./src/main/java/org/apache/maven/artifact/resolver/ResolutionNode.java
251,./src/main/java/org/apache/maven/project/artifact/DefaultProjectArtifactsCache.java
250,./src/main/java/org/apache/maven/ReactorReader.java
246,./src/main/java/org/apache/maven/plugin/DefaultBuildPluginManager.java
243,./src/test/java/org/apache/maven/project/ProjectModelResolverTest.java
242,./src/test/java/org/apache/maven/lifecycle/internal/stub/LifecycleExecutionPlanCalculatorStub.java
240,./src/main/java/org/apache/maven/plugin/MojoExecution.java
233,./src/test/java/org/apache/maven/lifecycle/internal/stub/ProjectDependencyGraphStub.java
233,./src/main/java/org/apache/maven/artifact/repository/metadata/AbstractRepositoryMetadata.java
225,./src/main/java/org/apache/maven/DefaultProjectDependenciesResolver.java
221,./src/main/java/org/apache/maven/plugin/DefaultPluginDescriptorCache.java
219,./src/test/java/org/apache/maven/project/MavenProjectTest.java
216,./src/main/java/org/apache/maven/plugin/DefaultPluginRealmCache.java
212,./src/main/java/org/apache/maven/toolchain/building/DefaultToolchainsBuilder.java
209,./src/main/java/org/apache/maven/plugin/DefaultPluginArtifactsCache.java
207,./src/main/java/org/apache/maven/project/ProjectBuildingRequest.java
205,./src/main/java/org/apache/maven/lifecycle/MavenExecutionPlan.java
204,./src/main/java/org/apache/maven/repository/DelegatingLocalArtifactRepository.java
204,./src/main/java/org/apache/maven/model/plugin/DefaultLifecycleBindingsInjector.java
202,./src/main/java/org/apache/maven/lifecycle/internal/builder/BuilderCommon.java
198,./src/main/java/org/apache/maven/lifecycle/internal/builder/multithreaded/MultiThreadedBuilder.java
197,./src/main/java/org/apache/maven/plugin/PluginManagerException.java
195,./src/main/java/org/apache/maven/plugin/PluginParameterException.java
193,./src/test/java/org/apache/maven/project/AbstractMavenProjectTestCase.java
192,./src/test/java/org/apache/maven/project/LegacyLocalRepositoryManager.java
190,./src/main/java/org/apache/maven/execution/ReactorManager.java
190,./src/main/java/org/apache/maven/configuration/DefaultBeanConfigurationRequest.java
186,./src/main/java/org/apache/maven/toolchain/DefaultToolchain.java
186,./src/main/java/org/apache/maven/execution/scope/internal/MojoExecutionScope.java
185,./src/test/java/org/apache/maven/project/artifact/MavenMetadataSourceTest.java
185,./src/main/java/org/apache/maven/project/artifact/AttachedArtifact.java
185,./src/main/java/org/apache/maven/lifecycle/internal/LifecycleDebugLogger.java
180,./src/main/java/org/apache/maven/lifecycle/DefaultLifecycleExecutor.java
177,./target/generated-sources/modello/org/apache/maven/toolchain/model/io/xpp3/MavenToolchainsXpp3Writer.java
176,./src/main/java/org/apache/maven/eventspy/internal/EventSpyRepositoryListener.java
173,./src/test/java/org/apache/maven/MavenLifecycleParticipantTest.java
173,./src/main/java/org/apache/maven/plugin/DefaultExtensionRealmCache.java
171,./src/test/java/org/apache/maven/graph/DefaultProjectDependencyGraphTest.java
168,./src/main/java/org/apache/maven/artifact/factory/DefaultArtifactFactory.java
167,./src/test/java/org/apache/maven/lifecycle/internal/builder/multithreaded/ThreadOutputMuxerTest.java
167,./src/main/java/org/apache/maven/session/scope/internal/SessionScope.java
167,./src/main/java/org/apache/maven/repository/RepositorySystem.java
167,./src/main/java/org/apache/maven/project/ReactorModelCache.java
165,./src/main/java/org/apache/maven/plugin/version/DefaultPluginVersionRequest.java
165,./src/main/java/org/apache/maven/lifecycle/internal/DefaultLifecycleMappingDelegate.java
164,./src/test/java/org/apache/maven/plugin/PluginParameterExceptionTest.java
163,./src/test/java/org/apache/maven/toolchain/DefaultToolchainManagerPrivateTest.java
163,./src/main/java/org/apache/maven/eventspy/internal/EventSpyExecutionListener.java
161,./src/test/java/org/apache/maven/repository/TestRepositoryConnector.java
161,./src/test/java/org/apache/maven/project/harness/Xpp3DomNodeIterator.java
161,./src/main/java/org/apache/maven/settings/DefaultMavenSettingsBuilder.java
161,./src/main/java/org/apache/maven/graph/DefaultProjectDependencyGraph.java
159,./src/main/java/org/apache/maven/lifecycle/internal/ProjectBuildList.java
158,./src/test/java/org/apache/maven/settings/PomConstructionWithSettingsTest.java
157,./src/main/java/org/apache/maven/lifecycle/internal/DefaultLifecycleTaskSegmentCalculator.java
157,./src/main/java/org/apache/maven/configuration/internal/DefaultBeanConfigurator.java
156,./src/main/java/org/apache/maven/plugin/prefix/DefaultPluginPrefixRequest.java
155,./src/test/java/org/apache/maven/project/harness/Xpp3DomNodePointer.java
155,./src/test/java/org/apache/maven/artifact/resolver/filter/ExclusionArtifactFilterTest.java
155,./src/main/java/org/apache/maven/lifecycle/internal/builder/multithreaded/ConcurrencyDependencyGraph.java
153,./src/test/java/org/apache/maven/toolchain/DefaultToolchainManagerTest.java
153,./src/main/java/org/apache/maven/lifecycle/internal/LifecycleStarter.java
153,./src/main/java/org/apache/maven/lifecycle/internal/LifecycleModuleBuilder.java
152,./src/main/java/org/apache/maven/project/DefaultProjectRealmCache.java
152,./src/main/java/org/apache/maven/plugin/CacheUtils.java
151,./src/main/java/org/apache/maven/project/ExtensionDescriptorBuilder.java
150,./src/test/java/org/apache/maven/toolchain/DefaultToolchainTest.java
150,./src/main/java/org/apache/maven/project/ProjectBuildingException.java
150,./src/main/java/org/apache/maven/plugin/internal/PluginDependencyResolutionListener.java
149,./src/main/java/org/apache/maven/eventspy/internal/EventSpyDispatcher.java
148,./src/main/java/org/apache/maven/lifecycle/DefaultLifecycles.java
143,./src/main/java/org/apache/maven/toolchain/DefaultToolchainManager.java
141,./src/main/java/org/apache/maven/internal/aether/LoggingRepositoryListener.java
139,./src/main/java/org/apache/maven/project/DefaultMavenProjectHelper.java
138,./src/main/java/org/apache/maven/rtinfo/internal/DefaultRuntimeInformation.java
137,./target/generated-sources/modello/org/apache/maven/toolchain/model/PersistedToolchains.java
136,./src/test/java/org/apache/maven/configuration/DefaultBeanConfiguratorTest.java
136,./src/main/java/org/apache/maven/extension/internal/CoreExtensionEntry.java
136,./src/main/java/org/apache/maven/artifact/handler/DefaultArtifactHandler.java
135,./src/test/java/org/apache/maven/toolchain/merge/MavenToolchainMergerTest.java
134,./src/main/java/org/apache/maven/artifact/repository/DefaultRepositoryRequest.java
132,./src/main/java/org/apache/maven/repository/legacy/metadata/DefaultMetadataResolutionRequest.java
132,./src/main/java/org/apache/maven/project/DefaultModelBuildingListener.java
130,./src/main/java/org/apache/maven/project/artifact/ProjectArtifactMetadata.java
130,./src/main/java/org/apache/maven/configuration/BeanConfigurationRequest.java
129,./src/main/java/org/apache/maven/toolchain/java/JavaToolchainFactory.java
129,./src/main/java/org/apache/maven/artifact/repository/metadata/ArtifactRepositoryMetadata.java
128,./src/main/java/org/apache/maven/plugin/MavenPluginManager.java
126,./src/test/java/org/apache/maven/settings/SettingsUtilsTest.java
126,./src/main/java/org/apache/maven/execution/SettingsAdapter.java
124,./src/main/java/org/apache/maven/plugin/PluginLoaderException.java
122,./src/main/java/org/apache/maven/lifecycle/internal/DefaultExecutionEventCatapult.java
122,./src/main/java/org/apache/maven/artifact/resolver/filter/CumulativeScopeArtifactFilter.java
120,./src/main/java/org/apache/maven/lifecycle/mapping/DefaultLifecycleMapping.java
119,./src/main/java/org/apache/maven/lifecycle/mapping/LifecyclePhase.java
118,./src/main/java/org/apache/maven/lifecycle/mapping/Lifecycle.java
117,./src/test/java/org/apache/maven/ProjectDependenciesResolverTest.java
116,./src/main/java/org/apache/maven/graph/FilteredProjectDependencyGraph.java
116,./src/main/java/org/apache/maven/execution/AbstractExecutionListener.java
115,./src/main/java/org/apache/maven/plugin/version/PluginVersionRequest.java
115,./src/main/java/org/apache/maven/plugin/prefix/PluginPrefixRequest.java
115,./src/main/java/org/apache/maven/lifecycle/internal/DependencyContext.java
115,./src/main/java/org/apache/maven/artifact/repository/layout/DefaultRepositoryLayout.java
114,./src/main/java/org/apache/maven/project/DefaultDependencyResolutionResult.java
113,./src/main/java/org/apache/maven/repository/legacy/metadata/MetadataResolutionRequest.java
112,./src/main/java/org/apache/maven/DefaultArtifactFilterManager.java
111,./src/test/java/org/apache/maven/project/harness/PomTestWrapper.java
111,./src/main/java/org/apache/maven/lifecycle/internal/DefaultMojoExecutionConfigurator.java
111,./src/main/java/org/apache/maven/execution/DefaultMavenExecutionResult.java
110,./src/test/java/org/apache/maven/lifecycle/internal/stub/LoggerStub.java
110,./src/main/java/org/apache/maven/project/DefaultProjectBuildingResult.java
110,./src/main/java/org/apache/maven/plugin/version/PluginVersionResolutionException.java
110,./src/main/java/org/apache/maven/lifecycle/internal/ProjectSegment.java
109,./src/test/java/org/apache/maven/project/EmptyLifecycleExecutor.java
109,./src/test/java/org/apache/maven/lifecycle/internal/stub/ProjectDependenciesResolverStub.java
109,./src/main/java/org/apache/maven/plugin/internal/WagonExcluder.java
109,./src/main/java/org/apache/maven/artifact/resolver/ResolutionListener.java
108,./src/main/java/org/apache/maven/toolchain/RequirementMatcherFactory.java
107,./src/main/java/org/apache/maven/lifecycle/LifecycleExecutionException.java
107,./src/main/java/org/apache/maven/artifact/resolver/filter/AbstractScopeArtifactFilter.java
106,./src/test/java/org/apache/maven/execution/scope/internal/MojoExecutionScopeTest.java
106,./src/main/java/org/apache/maven/project/ReactorModelPool.java
106,./src/main/java/org/apache/maven/project/artifact/ProjectArtifact.java
105,./src/test/java/org/apache/maven/project/harness/Xpp3DomAttributePointer.java
105,./src/test/java/org/apache/maven/exception/DefaultExceptionHandlerTest.java
104,./src/main/java/org/apache/maven/plugin/PluginArtifactsCache.java
103,./src/main/java/org/apache/maven/project/artifact/ProjectArtifactsCache.java
102,./src/main/java/org/apache/maven/toolchain/merge/MavenToolchainMerger.java
101,./src/test/java/org/apache/maven/project/canonical/CanonicalProjectBuilderTest.java
101,./src/main/java/org/apache/maven/plugin/ExtensionRealmCache.java
100,./src/main/java/org/apache/maven/classrealm/ClassRealmRequest.java
99,./src/main/java/org/apache/maven/artifact/resolver/filter/AndArtifactFilter.java
98,./src/test/java/org/apache/maven/project/ExtensionDescriptorBuilderTest.java
98,./src/main/java/org/apache/maven/project/ProjectBuilder.java
97,./src/test/java/org/apache/maven/lifecycle/LifecycleExecutorSubModulesTest.java
97,./src/main/java/org/apache/maven/project/artifact/PluginArtifact.java
97,./src/main/java/org/apache/maven/plugin/PluginRealmCache.java
97,./src/main/java/org/apache/maven/plugin/internal/ValidatingConfigurationListener.java
96,./src/main/java/org/apache/maven/toolchain/io/DefaultToolchainsReader.java
95,./src/main/java/org/apache/maven/ProjectDependenciesResolver.java
95,./src/main/java/org/apache/maven/artifact/repository/RepositoryRequest.java
94,./src/test/java/org/apache/maven/lifecycle/internal/ConcurrencyDependencyGraphTest.java
94,./src/main/java/org/apache/maven/toolchain/io/ToolchainsParseException.java
94,./src/main/java/org/apache/maven/artifact/repository/metadata/io/DefaultMetadataReader.java
93,./src/main/java/org/apache/maven/toolchain/building/ToolchainsBuildingException.java
93,./src/main/java/org/apache/maven/plugin/PluginExecutionException.java
93,./src/main/java/org/apache/maven/artifact/resolver/filter/IncludesArtifactFilter.java
93,./src/main/java/org/apache/maven/artifact/repository/metadata/io/MetadataParseException.java
92,./src/test/java/org/apache/maven/rtinfo/internal/DefaultRuntimeInformationTest.java
92,./src/main/java/org/apache/maven/project/ProjectRealmCache.java
92,./src/main/java/org/apache/maven/execution/ProjectExecutionEvent.java
92,./src/main/java/org/apache/maven/execution/ExecutionEvent.java
92,./src/main/java/org/apache/maven/artifact/repository/metadata/RepositoryMetadata.java
91,./src/main/java/org/apache/maven/plugin/DebugConfigurationListener.java
91,./src/main/java/org/apache/maven/artifact/resolver/DefaultResolutionErrorHandler.java
90,./src/main/java/org/apache/maven/plugin/prefix/internal/DefaultPluginPrefixResult.java
90,./src/main/java/org/apache/maven/lifecycle/internal/LifecyclePluginResolver.java
89,./src/test/java/org/apache/maven/project/harness/Xpp3DomAttributeIterator.java
89,./src/test/java/org/apache/maven/lifecycle/internal/stub/LifecycleTaskSegmentCalculatorStub.java
89,./src/test/java/org/apache/maven/lifecycle/internal/stub/CompletionServiceStub.java
89,./src/main/java/org/apache/maven/lifecycle/LifecycleExecutor.java
88,./src/test/java/org/apache/maven/artifact/handler/ArtifactHandlerTest.java
88,./src/main/java/org/apache/maven/project/ExtensionDescriptor.java
88,./src/main/java/org/apache/maven/plugin/PluginContainerException.java
88,./src/main/java/org/apache/maven/lifecycle/Lifecycle.java
88,./src/main/java/org/apache/maven/execution/MojoExecutionEvent.java
88,./src/main/java/org/apache/maven/classrealm/ClassRealmManager.java
87,./src/main/java/org/apache/maven/plugin/internal/PlexusUtilsInjector.java
86,./src/main/java/org/apache/maven/toolchain/java/JavaToolchainImpl.java
86,./src/main/java/org/apache/maven/repository/legacy/metadata/ResolutionGroup.java
86,./src/main/java/org/apache/maven/artifact/resolver/filter/ExclusionSetFilter.java
85,./src/main/java/org/apache/maven/toolchain/DefaultToolchainManagerPrivate.java
85,./src/main/java/org/apache/maven/lifecycle/internal/ExecutionPlanItem.java
83,./src/test/java/org/apache/maven/repository/TestArtifactHandler.java
83,./src/test/java/org/apache/maven/project/artifact/DefaultMavenMetadataCacheTest.java
83,./src/test/java/org/apache/maven/lifecycle/internal/builder/multithreaded/ConcurrencyDependencyGraphTest.java
83,./src/main/java/org/apache/maven/toolchain/io/ToolchainsReader.java
83,./src/main/java/org/apache/maven/lifecycle/internal/ReactorContext.java
82,./src/test/java/org/apache/maven/lifecycle/internal/LifecycleExecutionPlanCalculatorTest.java
82,./src/test/java/org/apache/maven/lifecycle/internal/LifecycleDependencyResolverTest.java
82,./src/test/java/org/apache/maven/lifecycle/DelegatingProjectExecutionListener.java
82,./src/main/java/org/apache/maven/project/DefaultDependencyResolutionRequest.java
82,./src/main/java/org/apache/maven/plugin/PluginManager.java
82,./src/main/java/org/apache/maven/exception/ExceptionSummary.java
82,./src/main/java/org/apache/maven/classrealm/DefaultClassRealmRequest.java
82,./src/main/java/org/apache/maven/artifact/repository/metadata/io/MetadataReader.java
81,./src/main/java/org/apache/maven/settings/MavenSettingsBuilder.java
81,./src/main/java/org/apache/maven/project/ProjectBuildingHelper.java
81,./src/main/java/org/apache/maven/project/DependencyResolutionRequest.java
81,./src/main/java/org/apache/maven/plugin/MavenPluginValidator.java
80,./src/main/java/org/apache/maven/project/DuplicateProjectException.java
80,./src/main/java/org/apache/maven/project/DependencyResolutionResult.java
80,./src/main/java/org/apache/maven/lifecycle/internal/ReactorBuildStatus.java
80,./src/main/java/org/apache/maven/artifact/handler/manager/DefaultArtifactHandlerManager.java
79,./src/main/java/org/apache/maven/eventspy/EventSpy.java
78,./src/main/java/org/apache/maven/plugin/internal/DefaultLegacySupport.java
78,./src/main/java/org/apache/maven/lifecycle/internal/builder/singlethreaded/SingleThreadedBuilder.java
77,./target/generated-sources/modello/org/apache/maven/toolchain/model/TrackableBase.java
77,./src/test/java/org/apache/maven/lifecycle/EmptyLifecyclePluginAnalyzer.java
77,./src/main/java/org/apache/maven/repository/legacy/metadata/ArtifactMetadataSource.java
77,./src/main/java/org/apache/maven/lifecycle/internal/PhaseRecorder.java
77,./src/main/java/org/apache/maven/lifecycle/internal/DefaultExecutionEvent.java
77,./src/main/java/org/apache/maven/execution/BuildSummary.java
77,./src/main/java/org/apache/maven/AbstractMavenLifecycleParticipant.java
76,./src/main/java/org/apache/maven/project/MavenProjectHelper.java
76,./src/main/java/org/apache/maven/classrealm/ArtifactClassRealmConstituent.java
75,./src/test/java/org/apache/maven/lifecycle/internal/BuilderCommonTest.java
75,./src/test/java/org/apache/maven/lifecycle/DelegatingMojoExecutionListener.java
75,./src/main/java/org/apache/maven/extension/internal/CoreExports.java
75,./src/main/java/org/apache/maven/artifact/resolver/filter/ScopeArtifactFilter.java
74,./src/test/java/org/apache/maven/plugin/internal/DefaultLegacySupportTest.java
74,./src/test/java/org/apache/maven/lifecycle/MavenExecutionPlanTest.java
74,./src/test/java/org/apache/maven/lifecycle/internal/stub/LifeCyclePluginAnalyzerStub.java
74,./src/main/java/org/apache/maven/toolchain/DefaultToolchainsBuilder.java
74,./src/main/java/org/apache/maven/project/ProjectBuildingResult.java
74,./src/main/java/org/apache/maven/plugin/PluginConfigurationException.java
74,./src/main/java/org/apache/maven/execution/ProjectDependencyGraph.java
74,./src/main/java/org/apache/maven/execution/MavenExecutionRequestPopulator.java
74,./src/main/java/org/apache/maven/classrealm/ClassRealmConstituent.java
73,./src/test/java/org/apache/maven/toolchain/building/ToolchainsBuildingExceptionTest.java
73,./src/test/java/org/apache/maven/project/artifact/DefaultProjectArtifactsCacheTest.java
73,./src/test/java/org/apache/maven/lifecycle/mapping/LifecyclePhaseTest.java
73,./src/main/java/org/apache/maven/lifecycle/internal/TaskSegment.java
72,./src/test/java/org/apache/maven/toolchain/RequirementMatcherFactoryTest.java
72,./src/test/java/org/apache/maven/lifecycle/MojoExecutionXPathContainer.java
72,./src/main/java/org/apache/maven/lifecycle/internal/CompoundProjectExecutionListener.java
71,./src/main/java/org/apache/maven/plugin/internal/PluginDependenciesResolver.java
71,./src/main/java/org/apache/maven/lifecycle/internal/ProjectIndex.java
71,./src/main/java/org/apache/maven/lifecycle/internal/BuildListCalculator.java
71,./src/main/java/org/apache/maven/configuration/BasedirBeanConfigurationPathTranslator.java
70,./src/main/java/org/apache/maven/properties/internal/EnvironmentUtils.java
70,./src/main/java/org/apache/maven/execution/MavenExecutionResult.java
69,./src/test/java/org/apache/maven/MavenTest.java
69,./src/main/java/org/apache/maven/plugin/version/internal/DefaultPluginVersionResult.java
68,./src/test/java/org/apache/maven/lifecycle/DefaultLifecyclesTest.java
68,./src/main/java/org/apache/maven/repository/legacy/metadata/ArtifactMetadataRetrievalException.java
68,./src/main/java/org/apache/maven/plugin/prefix/NoPluginFoundForPrefixException.java
68,./src/main/java/org/apache/maven/artifact/resolver/filter/ExclusionArtifactFilter.java
67,./src/test/java/org/apache/maven/lifecycle/internal/stub/MojoExecutorStub.java
67,./src/main/java/org/apache/maven/toolchain/java/JavaToolchain.java
66,./src/main/java/org/apache/maven/toolchain/building/DefaultToolchainsBuildingResult.java
66,./src/main/java/org/apache/maven/session/scope/internal/SessionScopeModule.java
66,./src/main/java/org/apache/maven/repository/ArtifactTransferResource.java
66,./src/main/java/org/apache/maven/lifecycle/mapping/LifecycleMojo.java
66,./src/main/java/org/apache/maven/lifecycle/internal/LifecycleExecutionPlanCalculator.java
66,./src/main/java/org/apache/maven/execution/ExecutionListener.java
65,./src/main/java/org/apache/maven/repository/legacy/metadata/AbstractArtifactMetadata.java
65,./src/main/java/org/apache/maven/artifact/InvalidRepositoryException.java
64,./src/main/java/org/apache/maven/toolchain/ToolchainManager.java
64,./src/main/java/org/apache/maven/toolchain/building/ToolchainsBuildingRequest.java
64,./src/main/java/org/apache/maven/project/DuplicateArtifactAttachmentException.java
64,./src/main/java/org/apache/maven/plugin/CompoundMojoExecutionListener.java
64,./src/main/java/org/apache/maven/artifact/repository/metadata/RepositoryMetadataManager.java
63,./src/main/java/org/apache/maven/toolchain/building/DefaultToolchainsBuildingRequest.java
63,./src/main/java/org/apache/maven/settings/SettingsConfigurationException.java
63,./src/main/java/org/apache/maven/properties/internal/SystemProperties.java
63,./src/main/java/org/apache/maven/artifact/factory/ArtifactFactory.java
62,./src/test/java/org/apache/maven/project/EmptyProjectBuildingHelper.java
62,./src/test/java/org/apache/maven/execution/DefaultMavenExecutionRequestPopulatorTest.java
62,./src/main/java/org/apache/maven/project/InvalidProjectVersionException.java
61,./src/test/java/org/apache/maven/project/harness/Xpp3DomPointerFactory.java
61,./src/test/java/org/apache/maven/lifecycle/internal/stub/ProjectDependencyGraphStubTest.java
61,./src/test/java/org/apache/maven/lifecycle/internal/stub/DefaultLifecyclesStub.java
61,./src/main/java/org/apache/maven/lifecycle/internal/LifecycleTaskSegmentCalculator.java
61,./src/main/java/org/apache/maven/execution/BuildFailure.java
61,./src/main/java/org/apache/maven/DuplicateProjectException.java
59,./src/main/java/org/apache/maven/plugin/LegacySupport.java
59,./src/main/java/org/apache/maven/execution/scope/internal/MojoExecutionScopeModule.java
58,./src/main/java/org/apache/maven/toolchain/ToolchainManagerPrivate.java
58,./src/main/java/org/apache/maven/plugin/PluginNotFoundException.java
58,./src/main/java/org/apache/maven/plugin/PluginDescriptorParsingException.java
58,./src/main/java/org/apache/maven/plugin/PluginDescriptorCache.java
58,./src/main/java/org/apache/maven/artifact/repository/RepositoryCache.java
58,./src/main/java/org/apache/maven/artifact/metadata/ArtifactMetadataRetrievalException.java
57,./src/test/java/org/apache/maven/lifecycle/internal/LifecycleTaskSegmentCalculatorImplTest.java
56,./src/test/java/org/apache/maven/lifecycle/internal/stub/BuildPluginManagerStub.java
56,./src/test/java/org/apache/maven/execution/DefaultMavenExecutionTest.java
56,./src/main/java/org/apache/maven/lifecycle/internal/DefaultProjectArtifactFactory.java
56,./src/main/java/org/apache/maven/extension/internal/CoreExportsProvider.java
55,./src/main/java/org/apache/maven/ProjectBuildFailureException.java
55,./src/main/java/org/apache/maven/project/artifact/InvalidDependencyVersionException.java
55,./src/main/java/org/apache/maven/plugin/prefix/PluginPrefixResult.java
55,./src/main/java/org/apache/maven/MavenExecutionException.java
55,./src/main/java/org/apache/maven/lifecycle/LifecyclePhaseNotFoundException.java
55,./src/main/java/org/apache/maven/artifact/metadata/ArtifactMetadataSource.java
54,./src/main/java/org/apache/maven/toolchain/java/DefaultJavaToolChain.java
54,./src/main/java/org/apache/maven/toolchain/io/DefaultToolchainsWriter.java
54,./src/main/java/org/apache/maven/plugin/BuildPluginManager.java
54,./src/main/java/org/apache/maven/lifecycle/LifecycleNotFoundException.java
54,./src/main/java/org/apache/maven/ArtifactFilterManager.java
53,./src/test/java/org/apache/maven/project/TestMetadataSource.java
52,./src/test/java/org/apache/maven/lifecycle/internal/stub/PluginPrefixResolverStub.java
52,./src/main/java/org/apache/maven/lifecycle/LifecycleMappingDelegate.java
51,./src/test/java/org/apache/maven/repository/TestRepositoryConnectorFactory.java
51,./src/main/java/org/apache/maven/MissingModuleException.java
51,./src/main/java/org/apache/maven/lifecycle/internal/LifecycleTask.java
50,./src/main/java/org/apache/maven/toolchain/building/ToolchainsBuildingResult.java
50,./src/main/java/org/apache/maven/plugin/version/PluginVersionNotFoundException.java
49,./src/test/java/org/apache/maven/lifecycle/internal/PhaseRecorderTest.java
49,./src/test/java/org/apache/maven/lifecycle/internal/BuildListCalculatorTest.java
49,./src/main/java/org/apache/maven/rtinfo/RuntimeInformation.java
49,./src/main/java/org/apache/maven/artifact/metadata/ResolutionGroup.java
48,./src/test/java/org/apache/maven/lifecycle/internal/stub/PluginVersionResolverStub.java
48,./src/main/java/org/apache/maven/toolchain/io/ToolchainsWriter.java
48,./src/main/java/org/apache/maven/plugin/InvalidPluginException.java
48,./src/main/java/org/apache/maven/lifecycle/internal/builder/Builder.java
48,./src/main/java/org/apache/maven/execution/scope/internal/MojoExecutionScopeCoreModule.java
47,./src/test/java/org/apache/maven/lifecycle/internal/ProjectBuildListTest.java
47,./src/main/java/org/apache/maven/toolchain/ToolchainPrivate.java
47,./src/main/java/org/apache/maven/plugin/version/PluginVersionResult.java
47,./src/main/java/org/apache/maven/plugin/PluginResolutionException.java
47,./src/main/java/org/apache/maven/plugin/InvalidPluginDescriptorException.java
46,./src/main/java/org/apache/maven/toolchain/ToolchainsBuilder.java
46,./src/main/java/org/apache/maven/plugin/CycleDetectedInPluginGraphException.java
46,./src/main/java/org/apache/maven/lifecycle/internal/GoalTask.java
46,./src/main/java/org/apache/maven/execution/scope/WeakMojoExecutionListener.java
46,./src/main/java/org/apache/maven/execution/ProjectExecutionListener.java
45,./src/test/java/org/apache/maven/DefaultMavenTest.java
45,./src/main/java/org/apache/maven/toolchain/Toolchain.java
45,./src/main/java/org/apache/maven/lifecycle/MojoExecutionConfigurator.java
45,./src/main/java/org/apache/maven/eventspy/AbstractEventSpy.java
45,./src/main/java/org/apache/maven/configuration/BeanConfigurationValuePreprocessor.java
44,./src/main/java/org/apache/maven/repository/LocalRepositoryNotAccessibleException.java
44,./src/main/java/org/apache/maven/execution/BuildSuccess.java
44,./src/main/java/org/apache/maven/configuration/BeanConfigurator.java
44,./src/main/java/org/apache/maven/artifact/resolver/filter/ExcludesArtifactFilter.java
43,./src/main/java/org/apache/maven/toolchain/ToolchainFactory.java
43,./src/main/java/org/apache/maven/execution/MavenExecutionRequestPopulationException.java
42,./src/test/java/org/apache/maven/lifecycle/internal/stub/ExecutionEventCatapultStub.java
42,./src/main/java/org/apache/maven/SessionScoped.java
42,./src/main/java/org/apache/maven/project/DependencyResolutionException.java
42,./src/main/java/org/apache/maven/plugin/version/PluginVersionResolver.java
42,./src/main/java/org/apache/maven/plugin/prefix/PluginPrefixResolver.java
42,./src/main/java/org/apache/maven/lifecycle/mapping/LifecycleMapping.java
42,./src/main/java/org/apache/maven/execution/scope/MojoExecutionScoped.java
42,./src/main/java/org/apache/maven/execution/MojoExecutionListener.java
41,./src/main/java/org/apache/maven/toolchain/building/ToolchainsBuilder.java
41,./src/main/java/org/apache/maven/project/path/PathTranslator.java
41,./src/main/java/org/apache/maven/project/artifact/MavenMetadataCache.java
41,./src/main/java/org/apache/maven/lifecycle/NoGoalSpecifiedException.java
41,./src/main/java/org/apache/maven/lifecycle/MissingProjectException.java
41,./src/main/java/org/apache/maven/configuration/BeanConfigurationPathTranslator.java
41,./src/main/java/org/apache/maven/configuration/BeanConfigurationException.java
40,./src/main/java/org/apache/maven/project/ProjectDependenciesResolver.java
40,./src/main/java/org/apache/maven/lifecycle/internal/ProjectArtifactFactory.java
40,./src/main/java/org/apache/maven/lifecycle/internal/ExecutionEventCatapult.java
40,./src/main/java/org/apache/maven/artifact/repository/metadata/RepositoryMetadataResolutionException.java
40,./src/main/java/org/apache/maven/artifact/repository/metadata/RepositoryMetadataInstallationException.java
40,./src/main/java/org/apache/maven/artifact/repository/metadata/RepositoryMetadataDeploymentException.java
39,./src/main/java/org/apache/maven/repository/ArtifactTransferListener.java
39,./src/main/java/org/apache/maven/ProjectCycleException.java
39,./src/main/java/org/apache/maven/BuildFailureException.java
39,./src/main/java/org/apache/maven/BuildAbort.java
38,./target/project-with-additional-lifecycle-elements/src/test/java/org/apache/maven/lifecycle/test/AppTest.java
38,./src/test/projects/lifecycle-executor/project-with-additional-lifecycle-elements/src/test/java/org/apache/maven/lifecycle/test/AppTest.java
38,./src/main/java/org/apache/maven/toolchain/MisconfiguredToolchainException.java
38,./src/main/java/org/apache/maven/repository/ArtifactTransferFailedException.java
38,./src/main/java/org/apache/maven/project/artifact/DefaultMetadataSource.java
38,./src/main/java/org/apache/maven/lifecycle/internal/BuildThreadFactory.java
37,./src/main/java/org/apache/maven/repository/ArtifactDoesNotExistException.java
37,./src/main/java/org/apache/maven/Maven.java
37,./src/main/java/org/apache/maven/artifact/handler/manager/ArtifactHandlerManager.java
36,./src/main/java/org/apache/maven/repository/LocalArtifactRepository.java
36,./src/main/java/org/apache/maven/project/RepositorySessionDecorator.java
36,./src/main/java/org/apache/maven/project/artifact/ArtifactWithDependencies.java
36,./src/main/java/org/apache/maven/plugin/PluginIncompatibleException.java
36,./src/main/java/org/apache/maven/monitor/event/EventDispatcher.java
36,./src/main/java/org/apache/maven/InternalErrorException.java
36,./src/main/java/org/apache/maven/graph/GraphBuilder.java
36,./src/main/java/org/apache/maven/classrealm/ClassRealmManagerDelegate.java
36,./src/main/java/org/apache/maven/artifact/metadata/AbstractArtifactMetadata.java
35,./src/main/java/org/apache/maven/artifact/DependencyResolutionRequiredException.java
34,./src/main/java/org/apache/maven/monitor/event/EventMonitor.java
34,./src/main/java/org/apache/maven/ArtifactFilterManagerDelegate.java
32,./src/main/java/org/apache/maven/lifecycle/LifeCyclePluginAnalyzer.java
32,./src/main/java/org/apache/maven/lifecycle/internal/builder/BuilderNotFoundException.java
31,./src/main/java/org/apache/maven/artifact/resolver/ResolutionErrorHandler.java
30,./src/main/java/org/apache/maven/exception/ExceptionHandler.java
29,./src/main/java/org/apache/maven/toolchain/RequirementMatcher.java
13,./target/project-with-additional-lifecycle-elements/src/main/java/org/apache/maven/lifecycle/test/App.java
13,./src/test/projects/lifecycle-executor/project-with-additional-lifecycle-elements/src/main/java/org/apache/maven/lifecycle/test/App.java
